horizon,mse,rmse,mae,mape,mdape,smape,coverage
37 days,9.863346567747826,3.140596530557185,2.454779475390924,0.008596386281042067,0.00669554564007917,0.008575948839647912,0.7522935779816514
38 days,9.94768415313609,3.153994951349176,2.4849330886173977,0.008706715445617366,0.006702739420792506,0.008685668913800506,0.7400611620795108
39 days,9.39357512224362,3.064893982219225,2.44820324053729,0.008588048967844097,0.007130754433123749,0.008569205404958646,0.746177370030581
40 days,8.669487983377143,2.944399426602502,2.3633345538179964,0.008301234928549487,0.00669554564007917,0.008284130963214887,0.7553516819571865
41 days,8.18778722971981,2.8614309758789935,2.296185177112686,0.008071133336447928,0.00669554564007917,0.00805502625521528,0.7737003058103975
42 days,7.767842567257681,2.787084958744114,2.223020395701998,0.007816133691705472,0.006311601694278532,0.007799594700154171,0.7920489296636085
43 days,7.481836083335095,2.7352945149170127,2.1601785744954975,0.007596258396892154,0.005796014911262457,0.007580057094967856,0.7981651376146789
44 days,7.64278319556359,2.7645584087813355,2.1856723038638726,0.0076843465882590395,0.00595021582789617,0.007667766070645309,0.7889908256880734
45 days,7.538287198728881,2.7455941431189137,2.1533835130497136,0.0075621427710208175,0.00595021582789617,0.007546989829376328,0.7951070336391438
46 days,7.519096155624431,2.7420970361430377,2.1525657019215076,0.00755694710411725,0.00595021582789617,0.0075422345037850945,0.7981651376146789
47 days,7.554976662169929,2.7486317800261877,2.155652918299382,0.007563639003550933,0.00595021582789617,0.0075491663740699854,0.7981651376146789
48 days,7.71666539107416,2.7778886570692785,2.1892558177140535,0.007676930741779724,0.006311601694278532,0.007663616310513022,0.7889908256880734
49 days,7.8102380382926135,2.7946803105708913,2.214519635600309,0.007751987084589169,0.006537967030628553,0.007741947164589699,0.7767584097859328
50 days,7.898522716170915,2.81043105522461,2.2292027000453234,0.007788791849890715,0.006537967030628553,0.007782166888324371,0.7675840978593272
51 days,7.901011407321497,2.810873780040914,2.2341928159169484,0.0077997522642012426,0.007130754433123749,0.007794471920871253,0.7706422018348624
52 days,7.9250591726442385,2.815148161757075,2.2463631444304126,0.007842788540163013,0.007130754433123749,0.007837856185893026,0.7706422018348624
53 days,8.225279617563851,2.8679748286140607,2.2927790664108842,0.008011395717773493,0.007130754433123749,0.00800551741763868,0.7614678899082569
54 days,8.702663030267802,2.9500276321193675,2.348127650161975,0.00821740530820436,0.007130754433123749,0.008209511012412742,0.7522935779816514
55 days,9.282850001150592,3.046776985791804,2.4328001009322535,0.008519922786934404,0.007474077943700689,0.008509605930875491,0.7339449541284404
56 days,9.553923835018638,3.090942224471146,2.4782147573607,0.008681514141750453,0.007482028327197237,0.008669986370709239,0.7247706422018348
57 days,9.388409437156508,3.064051147934138,2.439671983069468,0.008547137450201475,0.007474077943700689,0.008536080824555415,0.7370030581039755
58 days,9.690302850222292,3.1129251276287215,2.4636996389474315,0.008640832858426067,0.007474077943700689,0.008627472399075655,0.7339449541284404
59 days,9.7946034907394,3.1296331239842474,2.4905931406430533,0.008739248554593798,0.007733431159955488,0.008725698934386383,0.7339449541284404
60 days,10.276225813883153,3.205655286190821,2.5497937252360723,0.008946603401095427,0.008204013243727699,0.008935701624071403,0.7247706422018348
61 days,10.964840472095817,3.31132004978314,2.6307581336985497,0.00923111940458138,0.008399065916708904,0.009222307901409857,0.7125382262996942
62 days,11.376575579527694,3.3729179621698027,2.6746367624994973,0.009382305302437971,0.008399065916708904,0.009375940998496682,0.7125382262996942
63 days,12.117860133425038,3.481071693232565,2.757139400249117,0.009664231353072938,0.008399065916708904,0.009662306773187967,0.7064220183486238
64 days,13.209118099981136,3.634435045503102,2.881476353315935,0.010089872373526097,0.008617977174364995,0.010093152542949303,0.6941896024464832
65 days,13.955889131406499,3.7357581735715306,2.9786595982526833,0.01042480357922978,0.008808370766124896,0.010431202255006404,0.6850152905198778
66 days,14.063993683473976,3.7501991525083005,3.013061201963816,0.010544876941538479,0.0092374935463484,0.01055096641646691,0.6850152905198778
67 days,14.039497306485435,3.746931718951579,3.0046146402437297,0.010520537919216394,0.009196258300461632,0.010525935592800148,0.6788990825688074
68 days,14.259406969599919,3.776162995634579,2.9942598976297803,0.010487693720617487,0.009119294690896717,0.010495090174293552,0.6819571865443425
69 days,14.558157349361197,3.8155153451874884,3.004713720265267,0.010522370467302346,0.008808370766124896,0.010532829717989077,0.6850152905198778
70 days,14.85465818734223,3.8541741251975408,3.045705551892721,0.010664062890209302,0.009086238725903714,0.010676785756897586,0.6788990825688074
71 days,15.059549480217777,3.88066353607444,3.072185484768307,0.010751885729591824,0.009119294690896717,0.010768024412900715,0.6758409785932722
72 days,15.118756650445691,3.888284538256645,3.068262312157016,0.01073064969876238,0.009119294690896717,0.010752384416811122,0.672782874617737
73 days,15.055524339354273,3.8801448863868826,3.0470540550099883,0.010653831285329065,0.009086238725903714,0.010682381946529517,0.6819571865443425
74 days,15.252023221430075,3.9053838763212605,3.0523358422130493,0.010666952490080811,0.008987992300473242,0.010702379961122594,0.691131498470948
75 days,15.084032722435207,3.8838167725106714,3.034535391203732,0.010600349006730963,0.008987992300473242,0.010638894808399302,0.6941896024464832
76 days,14.94199749568179,3.865488002268509,3.032650313723719,0.010590665354828294,0.008987992300473242,0.010630072065616721,0.6941896024464832
77 days,14.957975281046103,3.867554172994362,3.044609116547437,0.010634923685240947,0.008987992300473242,0.010674132148891525,0.6972477064220184
78 days,15.211925782547393,3.900246887383848,3.09315735227214,0.010812229795595821,0.009086238725903714,0.01084959255749235,0.6880733944954128
79 days,15.5699551207313,3.945878244539649,3.1618402208871226,0.011060519468925905,0.009196258300461632,0.011095688170164377,0.6788990825688074
80 days,15.694632584383431,3.961645186583906,3.19599570987763,0.011181840658500296,0.0092374935463484,0.011217339531596614,0.6758409785932722
81 days,15.800081789821768,3.9749316710884184,3.2284286120336336,0.011300224700759582,0.009261077606956044,0.011335149947842172,0.6697247706422018
82 days,15.978276128299777,3.99728359367956,3.272483758327461,0.011457462737078322,0.009488317821290976,0.011492570530585888,0.6697247706422018
83 days,16.20410574490794,4.025432367449234,3.324277352329678,0.011643394572902543,0.010198563169349742,0.01167883191413223,0.6605504587155964
84 days,16.435583964044987,4.0540823824936005,3.3607226609895053,0.011775006412172787,0.010296529244334936,0.011810955391326391,0.6574923547400612
85 days,16.59234259917129,4.073369931539645,3.369851101270487,0.011810385436187069,0.010198563169349742,0.011847062708029026,0.6636085626911314
86 days,16.483229732338632,4.059954400278238,3.3531927943219104,0.011757100613894705,0.010198563169349742,0.011793294429997905,0.672782874617737
87 days,16.56269274018003,4.069728828826317,3.376511571046158,0.011840288445777211,0.010296529244334936,0.011876997641854422,0.6788990825688074
88 days,16.654694815375507,4.081016394891781,3.387858505433691,0.011878745152569205,0.010574682945112556,0.011916448930241817,0.6788990825688074
89 days,16.851014249485303,4.104998690558293,3.4256362008549033,0.012006825150757131,0.010771567537017959,0.012046526915755027,0.6666666666666667
90 days,16.79154944359408,4.097749314391264,3.443025584480166,0.012058162516394728,0.010827340534450494,0.012101100531722827,0.6574923547400612
91 days,16.645974915426773,4.079947905969728,3.437746356311103,0.012027743431136747,0.010827340534450494,0.012075931250802849,0.654434250764526
92 days,16.810563368620674,4.100068702914705,3.4384572590316878,0.012018000770142836,0.010771567537017959,0.012072661785606434,0.6483180428134557
93 days,17.194972510100225,4.146682108638209,3.4864392324250213,0.012177227420806088,0.010903181798865605,0.012236709417812183,0.6330275229357798
94 days,17.585536425374375,4.193511228716859,3.5532589243482184,0.012397825702650885,0.011080955513433422,0.012463356682608746,0.6207951070336392
95 days,17.845873712680948,4.224437680056477,3.5955815638587945,0.012537963676192183,0.011080955513433422,0.012607096469526131,0.6146788990825688
96 days,18.25687802979861,4.272806809323189,3.6357540188390876,0.012672503771886612,0.011640466634351906,0.012744326703912085,0.6116207951070337
97 days,18.61673583877018,4.314711559162464,3.6694184271391923,0.012785783264856727,0.011640466634351906,0.012858687642667128,0.6085626911314984
98 days,19.059025357493937,4.365664366106714,3.7067256802551505,0.01291232985799286,0.011640466634351906,0.012986209583843195,0.6024464831804281
99 days,19.625459737223853,4.430063175308435,3.764873330230596,0.013121194344159265,0.011764102314536633,0.013190764759012909,0.5932721712538227
100 days,20.032820271261524,4.475803868721409,3.8017471096345345,0.01325671755527406,0.011764102314536633,0.01332173433411848,0.5902140672782874
101 days,20.242330607207574,4.4991477645447,3.827039606269187,0.013347090357911512,0.011764102314536633,0.013409375183424103,0.581039755351682
102 days,20.906766608424206,4.572391782035329,3.887741562410392,0.013555354836116276,0.01219472349713688,0.013618244933712716,0.5749235474006116
103 days,22.292594005774692,4.721503362889271,4.017184981119207,0.013994807381171185,0.012266727545894683,0.014062977567861505,0.5565749235474006
104 days,22.643135586242575,4.7584803862412395,4.083258492731371,0.014220396594520216,0.012988303266453973,0.014289086710376047,0.5474006116207951
105 days,22.23170800659158,4.715051219932991,4.053673625436585,0.014118776166343588,0.012988303266453973,0.014184141852337637,0.5565749235474006
106 days,21.917861955092295,4.681651626839859,4.022327714847798,0.014010772258792955,0.012266727545894683,0.014073209093996836,0.5657492354740061
107 days,21.669002733493823,4.654997608323105,3.9923186222067484,0.013907695835727303,0.012254663934958,0.013967919647831636,0.5749235474006116
108 days,21.677804332999102,4.65594290482595,3.9841847601126985,0.013878071119743422,0.012254663934958,0.013938390867515941,0.581039755351682
109 days,21.76712442961219,4.66552509687947,4.004689814911673,0.01394508264717251,0.012254663934958,0.014006066746484946,0.5840978593272171
110 days,21.484675924163952,4.635156515605914,3.9650606872736907,0.013804171660543301,0.011764102314536633,0.01386459460077338,0.5840978593272171
111 days,21.110794803530634,4.594648496188869,3.904690229498639,0.013591376427993166,0.011764102314536633,0.013651158215529691,0.5932721712538227
112 days,20.87684684734498,4.569118826135405,3.8626169092104607,0.013440415584762104,0.011640466634351906,0.01350089245282422,0.6024464831804281
113 days,20.783508785689733,4.55889337292393,3.850809815257713,0.013392910066741953,0.011080955513433422,0.013454933663062225,0.6055045871559633
114 days,20.69475060272566,4.5491483381755815,3.842897516686314,0.0133564497697687,0.011077192824261556,0.013420946492932361,0.6116207951070337
115 days,20.716780057094883,4.551568966531748,3.8461478282278123,0.013355468333883165,0.011080955513433422,0.013424130782252304,0.6116207951070337
116 days,20.53134281260148,4.53115248172046,3.8136143108653417,0.013235153492857095,0.011077192824261556,0.013305661217742957,0.6207951070336392
117 days,20.444787609143393,4.521591269580146,3.7973935574493827,0.013173574073876187,0.011077192824261556,0.013245780109458401,0.6299694189602447
118 days,20.64977204569557,4.544202025185013,3.7979647558372416,0.0131706142866854,0.011080955513433422,0.013244924720518754,0.6238532110091743
119 days,21.330979202188868,4.618547304314298,3.852697918805098,0.013360808030665965,0.011080955513433422,0.013433649015319812,0.6116207951070337
120 days,21.85323796470513,4.674744695136316,3.887078153175632,0.013483797014444982,0.011080955513433422,0.01355200915172537,0.6116207951070337
121 days,21.94096310736679,4.684118178202466,3.8881976582890636,0.013490826555396797,0.012254663934958,0.013554392408702402,0.6116207951070337
122 days,22.16600327903906,4.708078512412368,3.916839923513879,0.013590700860039774,0.012266727545894683,0.01365232165790729,0.6116207951070337
123 days,22.629475360948383,4.757044813846973,3.9544101826791715,0.013717829728081448,0.012266727545894683,0.013780102363102682,0.6055045871559633
124 days,23.084697548136997,4.804653738630599,3.999428660572851,0.013871187949260167,0.012988303266453973,0.013934588288895508,0.5963302752293578
125 days,23.010686605766338,4.7969455495936515,3.981334452630484,0.013807556227573072,0.01237020603031203,0.0138707065721513,0.6085626911314984
126 days,22.698300212701454,4.76427331423182,3.911514612764746,0.01356647023561672,0.011461937186380182,0.013627633705927254,0.6269113149847094
127 days,22.361732030713817,4.728819306202534,3.8501026102261915,0.013356789067945437,0.010914786538295177,0.013415081996316207,0.6452599388379204
128 days,21.997113345970913,4.6901080313752805,3.7988149660468924,0.013186948854110337,0.010914786538295177,0.01324037329576874,0.6636085626911314
129 days,21.52211461119817,4.639193314704419,3.7488182330785516,0.013018600046315169,0.010769073173423087,0.013068210359031688,0.6819571865443425
130 days,21.06577345353116,4.589746556568365,3.6859562976144664,0.01280253994401854,0.010691242166103275,0.012849525976785169,0.7003058103975535
131 days,21.188919554241668,4.603142356504051,3.673249526774636,0.012753861597890652,0.010649337920663889,0.012801531607311388,0.7033639143730888
132 days,21.15684276077346,4.599656809021023,3.675158432555823,0.012757423765266668,0.010649337920663889,0.012804058094439328,0.7033639143730888
133 days,20.791686716919923,4.559790205362515,3.6564359140510443,0.012699374991357162,0.010649337920663889,0.01273863783964065,0.709480122324159
134 days,20.044294156806206,4.477085453373233,3.593111112466145,0.012484687410322019,0.010691242166103275,0.012517807816479192,0.72782874617737
135 days,19.070964073459653,4.367031494443297,3.511971630677092,0.012200247860906649,0.010691242166103275,0.012231344933672969,0.746177370030581
136 days,17.850832806787086,4.2250245924476095,3.388007701530005,0.011763167855094202,0.009858841844501186,0.011794557448853483,0.764525993883792
137 days,16.88676870808152,4.109351373158727,3.267771116091852,0.01133861693545885,0.009432829128574027,0.011370328801001788,0.7798165137614679
138 days,16.635323862380606,4.078642404327769,3.219831935743157,0.011161611403958972,0.009409988657928522,0.011195167159262264,0.7920489296636085
139 days,15.986174121101875,3.998271391626871,3.148931280230643,0.010911282824970957,0.008731042374193995,0.010943624805817091,0.8073394495412844
140 days,15.975051546757905,3.9968802267215744,3.1237810983733447,0.010816157927578514,0.008684724448083382,0.010849129387001452,0.8195718654434251
141 days,16.54270425356656,4.067272335800316,3.1637538321290952,0.010944345346776675,0.00853831680796747,0.010980089484317826,0.8165137614678899
142 days,17.355086571530737,4.165943659188244,3.2224721624756842,0.01113446171868769,0.00853831680796747,0.01117488192962639,0.8073394495412844
143 days,17.730863137094797,4.210803146324321,3.2502109587118446,0.01122262804453221,0.00853831680796747,0.01126612726294449,0.7981651376146789
144 days,17.7138740397589,4.208785340185325,3.241272908295191,0.01118796893052563,0.008376815466236939,0.01123158057164017,0.8042813455657493
145 days,17.814426806444025,4.220714016187785,3.265868029948545,0.011275235157878408,0.00853831680796747,0.011314327419145545,0.8042813455657493
146 days,18.177950405278274,4.263560765988714,3.332404190883994,0.011511203440918308,0.009409988657928522,0.01154572486945116,0.8134556574923548
147 days,18.76112255732102,4.331411150805361,3.4211870452937063,0.01181670450647193,0.009432829128574027,0.011850674231751885,0.8073394495412844
148 days,19.709643089705025,4.439554379631477,3.5308777572464467,0.01218901011492753,0.009843882735848127,0.012224147884167478,0.7889908256880734
149 days,20.605480999175924,4.539326051208034,3.647138751837178,0.012595653537573802,0.010649337920663889,0.012627681816748625,0.7798165137614679
150 days,21.405398060025284,4.62659681191535,3.7411260522258925,0.01293094999570598,0.010769073173423087,0.01295742879806949,0.7614678899082569
151 days,21.65388337490063,4.653373332852269,3.7719680161263867,0.013047359059564093,0.010991832539434298,0.013068967482006602,0.7584097859327218
152 days,22.154053588580968,4.706809278968181,3.8434200117910358,0.013299761310490753,0.011461937186380182,0.013318243522703816,0.7614678899082569
153 days,23.22671445957475,4.819410177560606,3.9647829318369214,0.013724528300286186,0.013186631438744618,0.013739336606564196,0.7431192660550459
154 days,24.260102034459795,4.925454500293328,4.080301432239636,0.014125932951402236,0.014115154075137215,0.014138137138319191,0.7308868501529052
155 days,25.109292260254687,5.010917307265675,4.170633807310567,0.014438294765973535,0.014578362346900315,0.014447938368941062,0.7186544342507645
156 days,25.9444459289437,5.0935690757016046,4.2592516716437006,0.014738018890883492,0.014613003315857121,0.014748300332636905,0.7033639143730888
157 days,27.229785497804933,5.218216697091539,4.373862487930751,0.01511819036872899,0.014845718055575588,0.015132916035884007,0.6941896024464832
158 days,28.28821373090235,5.318666536915277,4.443922668302442,0.015339405675237259,0.014845718055575588,0.015359945890725524,0.6850152905198778
159 days,29.249779044061693,5.408306485773684,4.509383221389665,0.01555133456854832,0.01503091661825503,0.01557347730351814,0.6758409785932722
160 days,30.44284011473737,5.517503068847119,4.596389735415358,0.01583958282800949,0.015708030370080776,0.015862425459888745,0.6666666666666667
161 days,32.31283776927818,5.684438210525133,4.7483577010474045,0.01635621549040054,0.015853449543960993,0.01637818668667193,0.6513761467889908
162 days,34.07828017541539,5.837660505323634,4.921993265752762,0.016949172188561314,0.016471179379320678,0.016970483612108154,0.6330275229357798
163 days,35.64583684105315,5.970413456457865,5.060999786096252,0.017407686258532257,0.016959105809102735,0.017434716001084496,0.6146788990825688
164 days,36.89916322090964,6.074468143048381,5.164028792669269,0.017739976900352682,0.017607621865727792,0.01777309678422998,0.6055045871559633
165 days,37.760915222736,6.144991067750709,5.267473074201187,0.018087790703977005,0.018507742240437525,0.01812211606352006,0.5963302752293578
166 days,38.2271585455182,6.182811540514412,5.335984005348211,0.018324903506798978,0.018884372741710356,0.01835773256949279,0.5963302752293578
167 days,38.59825437780144,6.212749341298218,5.386326795840658,0.018497895554500782,0.01921734105336723,0.018529507983555845,0.5932721712538227
168 days,38.77930947247725,6.227303547481626,5.3922273145973065,0.018508421149802688,0.01921734105336723,0.018541200865490676,0.5932721712538227
169 days,38.99455610264343,6.244562122570599,5.406336621994588,0.018547792267198653,0.019972136157043813,0.01858359261052562,0.5932721712538227
170 days,39.02350533885582,6.246879648180828,5.403590229010819,0.01852630014983644,0.019972136157043813,0.01856618655963247,0.5963302752293578
171 days,38.936076032385664,6.239877886015532,5.387068430608403,0.018467619026065706,0.019972136157043813,0.018508073235374088,0.5963302752293578
172 days,38.78313126413938,6.227610397587455,5.3598689670079915,0.01837501892667798,0.019972136157043813,0.01841460748209178,0.5963302752293578
173 days,38.62619689066449,6.214997738588847,5.341516705839832,0.018318943379472458,0.019972136157043813,0.018355831330932347,0.6024464831804281
174 days,38.2879428767511,6.187725177862306,5.324870969027415,0.01827542439855016,0.01921734105336723,0.018305951385048425,0.6116207951070337
175 days,37.75441786475954,6.144462373939606,5.294417129390175,0.018177063715969086,0.018975590763046946,0.01820135308747242,0.6207951070336392
176 days,37.11163449756186,6.09193191832951,5.233683260027551,0.01797143401428084,0.018975590763046946,0.017989118198742608,0.6299694189602447
177 days,36.3829780469547,6.031830406017289,5.175326137501782,0.017776154504484946,0.018975590763046946,0.017788229705824016,0.6391437308868502
178 days,35.496752698645516,5.957915130198274,5.092728102221224,0.01750013511925378,0.018523805194534636,0.017508036520664464,0.6483180428134557
179 days,34.87787741164515,5.905749521580233,5.035523314481678,0.017307047009609822,0.018507742240437525,0.017311611768350808,0.6574923547400612
180 days,34.627518598363125,5.8845151540601135,5.015947828299026,0.01723712352576876,0.018507742240437525,0.017239428676690947,0.6605504587155964
181 days,34.3690817118852,5.862514964747229,4.990732452867929,0.017143838252533537,0.018065245474779872,0.0171459196162202,0.6666666666666667
182 days,33.96321522631766,5.827796772908065,4.937542439602504,0.016951758001370883,0.01785785793876792,0.01695291243327072,0.6697247706422018
183 days,33.85645896327493,5.818630333959611,4.919702059339058,0.01688508779902275,0.01785785793876792,0.016881942689184675,0.6758409785932722
184 days,33.38016794085237,5.777557264177688,4.878392480009771,0.016742246717788973,0.016959105809102735,0.016735088025483073,0.691131498470948
185 days,32.63653834265979,5.7128397791868615,4.787519065800088,0.01642254887290018,0.01692989943035357,0.01641536227342476,0.7033639143730888
186 days,32.0966775855199,5.665392977148178,4.721802682153189,0.016188461365950795,0.015853449543960993,0.016182913774749404,0.7186544342507645
187 days,31.81236465563231,5.640245088259225,4.680693433169208,0.01604270260906975,0.015853449543960993,0.016038345706023346,0.7308868501529052
188 days,31.58300380979857,5.6198757824171315,4.648174383171882,0.01592787497622832,0.01537334102762283,0.015924046351833705,0.7339449541284404
189 days,31.234425731576742,5.5887767652301825,4.6017445574484475,0.015765511169762637,0.015057543458784664,0.015762221203671076,0.746177370030581
190 days,30.2818140682813,5.502891427993224,4.502943904999901,0.015416975876995552,0.014781523927103296,0.015415601677928804,0.764525993883792
191 days,28.92033409743836,5.377762926853355,4.362393991212193,0.014925227228070284,0.01394348850152001,0.014926103999608356,0.7889908256880734
192 days,27.576423631359646,5.251325892701733,4.241081626512318,0.014502715373153173,0.013814273984345267,0.014505261551645839,0.8165137614678899
193 days,26.226483935531178,5.121179935867434,4.135377010182275,0.014145993417570796,0.012406072432066656,0.014146019110800252,0.8379204892966361
194 days,24.94675137770556,4.994672299331114,4.050682455483274,0.013866228305338242,0.012406072432066656,0.01386198410358773,0.8562691131498471
195 days,23.749594416623964,4.873355560250449,3.9687734921761684,0.013601783112634727,0.01195420454290426,0.013592348259251135,0.8746177370030581
196 days,22.374699684521143,4.730190237667101,3.8691057994416713,0.013271406889152414,0.01195420454290426,0.0132566173062068,0.892966360856269
197 days,20.541228241210145,4.532243179840436,3.71960401639436,0.012763149606006424,0.011062602119254531,0.01274516355416573,0.91131498470948
198 days,18.627659211171796,4.315977202346161,3.5480342156762683,0.01217602362198024,0.010696788250198168,0.012157568782842496,0.929663608562691
199 days,16.912158679009533,4.112439504601804,3.396677831082103,0.01166537275333747,0.009958500356645032,0.011643859503450532,0.948012232415902
200 days,15.52413169306296,3.9400674731612098,3.291692121145953,0.01132003632355341,0.009958500356645032,0.011292873099782953,0.9602446483180429
201 days,14.523729358272297,3.811001096598149,3.1786660214326705,0.010936257320898028,0.009786094484322,0.01090594402389753,0.9694189602446484
202 days,14.065363528283566,3.7503817843365717,3.1249947997566263,0.010749362802928802,0.00967240638633525,0.010717690760430979,0.9724770642201835
203 days,13.612370577489807,3.6894946235886845,3.088582529653209,0.010618547606528722,0.009519298971417001,0.01058622742742988,0.9785932721712539
204 days,13.080561279197255,3.6167058601989264,3.052414810796232,0.010496751536862525,0.00967240638633525,0.010462163285534017,0.9877675840978594
205 days,12.649688725535464,3.556640089401156,3.02875340146584,0.010419203284009589,0.00967240638633525,0.010382105410526461,0.9969418960244649
206 days,12.45851061895884,3.5296615445335324,3.0198833997011723,0.010390712542639407,0.00967240638633525,0.010352095032894963,1.0
207 days,12.386093129724706,3.5193881754823106,3.0169258259212057,0.010380208937057187,0.00967240638633525,0.010341060102499347,1.0
208 days,12.383514550398257,3.5190218172665904,3.022913580059189,0.010397118435232729,0.009519298971417001,0.010358324099297524,1.0
209 days,12.467356864951359,3.530914451661405,3.054665194738654,0.010499735512192382,0.00967240638633525,0.010461675063064623,1.0
210 days,12.512756660378587,3.537337510102561,3.0793279042452912,0.010575602498160397,0.009948623416804378,0.010539305904881047,1.0
211 days,12.669670142500026,3.5594480109281026,3.099909269969143,0.010638067742966488,0.009948623416804378,0.010604626609281563,1.0
212 days,13.116068903357673,3.6216113683494084,3.147756639587885,0.010800648291217605,0.009948623416804378,0.010770039471944525,1.0
213 days,13.382465709063213,3.6582052579185893,3.1830645232456884,0.010925706954211366,0.010113550344216569,0.010895569515101096,1.0
214 days,13.690255355365334,3.700034507320889,3.238572930875699,0.011114834890656103,0.010283183187318261,0.011084536420310227,1.0
215 days,14.278042509085525,3.778629713148078,3.3034872957628805,0.01134359098398243,0.01063206331145966,0.011310824613137592,1.0
216 days,14.910520077131316,3.861414258679236,3.372618584834207,0.011594683318044266,0.010696788250198168,0.011557838893999675,1.0
217 days,15.507055792157438,3.9378999215517703,3.441193090950402,0.011843251038162124,0.010744030377708588,0.011802363271833916,1.0
218 days,15.998432972524885,3.999804116769331,3.479732356245507,0.011992676654170637,0.010696788250198168,0.011948276185305034,0.9908256880733946
219 days,16.19693585530358,4.024541695063374,3.469855331068636,0.011975475239637934,0.010696788250198168,0.01192962797902284,0.9908256880733946
220 days,16.317168290915507,4.039451483916537,3.4475333538268016,0.011915236095958577,0.010581012327717024,0.011868035812367422,0.9908256880733946
221 days,16.390226445439083,4.048484462788401,3.464192902603859,0.011978074105239076,0.010581012327717024,0.011931032776897535,0.9908256880733946
222 days,16.356976685091446,4.044375932710935,3.4754439399511825,0.012012703879717474,0.010581012327717024,0.011967351252291219,0.9908256880733946
223 days,16.184220737193435,4.022961687263929,3.4560778812122175,0.011941133588547866,0.01046438867149988,0.01189793228101866,0.9908256880733946
224 days,16.519153629302842,4.064376167298352,3.480251073233954,0.012025746439095843,0.010581012327717024,0.011981821251085096,0.9908256880733946
225 days,16.171856095152076,4.021424635020788,3.445270453684249,0.01189705644963467,0.010581012327717024,0.011855325628964243,0.9908256880733946
226 days,15.95673959748,3.9945887895351633,3.4262722006434423,0.011830630877576558,0.010581012327717024,0.011788990178631878,0.9908256880733946
227 days,15.916623847157743,3.9895643680930557,3.4184430696837156,0.011802984461224329,0.01046438867149988,0.011761515406102688,0.9908256880733946
228 days,15.868914498225433,3.983580612743444,3.4066604625874066,0.011761284019942283,0.010581012327717024,0.011720263107138165,0.9908256880733946
229 days,15.947526923558394,3.9934354788275215,3.416155878800084,0.011786963374283881,0.01046438867149988,0.011747793860461469,0.9908256880733946
230 days,15.994631670923352,3.9993289025689487,3.422200220221528,0.011798927943514411,0.01046438867149988,0.011761708922334512,0.9908256880733946
231 days,15.83964848322861,3.979905587225482,3.406198762893304,0.011736942590802272,0.010581012327717024,0.011701336165076676,0.9908256880733946
232 days,15.819572131061253,3.977382572881474,3.40359247624346,0.011728149791533278,0.01046438867149988,0.011693445890884656,0.9908256880733946
233 days,16.304001843393994,4.037821422920285,3.4379304332416756,0.011857276102854598,0.010581012327717024,0.011820333831600364,0.9908256880733946
234 days,17.053103997026373,4.129540409903549,3.4765016077845763,0.012006008610095256,0.010581012327717024,0.011964264238227738,0.981651376146789
235 days,17.89444871431168,4.230183059196337,3.5363948860131638,0.01222787977463477,0.010677027299016593,0.01218046440483668,0.981651376146789
236 days,18.445102366854996,4.294776171915714,3.574155694452952,0.012369808075008535,0.010815921016610485,0.01231861055554,0.981651376146789
237 days,18.667868326154583,4.320632861763955,3.5894548725089552,0.012431606832693193,0.010883092499064042,0.012378848847661736,0.981651376146789
238 days,19.352061299711462,4.399097782467612,3.633245718195165,0.012599088592768122,0.010815921016610485,0.01254180094434335,0.981651376146789
239 days,19.339626783901494,4.39768425241075,3.6117109013750683,0.01253553775959995,0.010815921016610485,0.012476652161377706,0.981651376146789
240 days,19.15536115855443,4.376683808382144,3.5791275535734153,0.012430619686036207,0.010815921016610485,0.012370352711154642,0.981651376146789
241 days,19.36145450484535,4.400165281537201,3.5904383249531726,0.01247985074975431,0.010677027299016593,0.01241656127770681,0.981651376146789
242 days,19.281880713432354,4.391113835171249,3.5803582790607758,0.012447638381226128,0.010677027299016593,0.01238402824821285,0.981651376146789
243 days,19.46797507131015,4.4122528340191645,3.6079522168146263,0.012540634423900517,0.010815921016610485,0.012478005905007035,0.981651376146789
244 days,20.31088874450525,4.506760338037208,3.7027483549427775,0.012866117483772605,0.010883092499064042,0.012804316045905421,0.981651376146789
245 days,20.963563558783175,4.578598427333759,3.78247513362882,0.013142577766919062,0.011253599011350274,0.013080537178618075,0.981651376146789
246 days,21.209874205835273,4.6054179186948145,3.8116375201261596,0.013246870897157443,0.011001240817144277,0.013184152477605966,0.981651376146789
247 days,21.015755593288876,4.584294448798951,3.774664816931969,0.013128458311858611,0.010917633382892615,0.013063647023381763,0.981651376146789
248 days,20.315206564380475,4.507239350686901,3.6761536439874045,0.012794735798107295,0.010883092499064042,0.012728734399976406,0.981651376146789
249 days,19.81632155295279,4.45155271258836,3.618689109309858,0.012595667675188526,0.010815921016610485,0.012530547187705706,0.981651376146789
250 days,19.671759705996138,4.43528575246242,3.588459490184433,0.012495142221919758,0.010815921016610485,0.012429929457817467,0.981651376146789
251 days,19.467708803765735,4.412222660266108,3.5758733783497396,0.01245006046166333,0.010815921016610485,0.012386356282939595,0.981651376146789
252 days,19.104330962682003,4.370850141869657,3.541528979980827,0.012324716036162864,0.010883092499064042,0.01226469659699526,0.981651376146789
253 days,18.445987268615,4.294879191387692,3.453715592858405,0.012017757486631787,0.010677027299016593,0.011960905923123884,0.981651376146789
254 days,17.8807135591505,4.228559277005645,3.399190167772369,0.011824141961559839,0.010663089411721366,0.011770450591264378,0.9877675840978594
255 days,17.422663442958164,4.174046411212765,3.366790832936741,0.011705364401909273,0.010663089411721366,0.011654472524010402,0.9908256880733946
256 days,17.364504992850822,4.1670739125735246,3.38183059641651,0.011749972193541503,0.010677027299016593,0.01170120097946601,0.9908256880733946
257 days,17.298614410133954,4.1591603010865015,3.3834432756651998,0.011751119586968098,0.010917633382892615,0.011704298841321847,0.9908256880733946
258 days,17.785097286324845,4.217238111172387,3.4240578700234843,0.011899237212924107,0.010917633382892615,0.011850571943791029,0.9908256880733946
259 days,18.46969560786913,4.297638375651112,3.490502500270088,0.012138313867273272,0.010917633382892615,0.012086415049461249,0.9908256880733946
260 days,18.719130229623076,4.3265610165145105,3.53134682023345,0.012280412777602704,0.011253599011350274,0.012228472487454223,0.9908256880733946
261 days,18.97080587360099,4.355548860201317,3.5594184011131467,0.012384777644603995,0.011253599011350274,0.012331022396002716,0.9908256880733946
262 days,19.365106571108587,4.400580253910681,3.610251363405552,0.012564977782195728,0.01190195468910944,0.012510544514049659,0.9908256880733946
263 days,19.808768105650483,4.450704225810842,3.672638118109715,0.012785152959446697,0.012125524700511174,0.012729686662518839,0.9908256880733946
264 days,20.174927901758515,4.491650910495886,3.727802692379442,0.012979723076682182,0.01227756707643398,0.012923292102305419,0.9908256880733946
265 days,20.36987836410772,4.513300163307081,3.7571851873268867,0.013083950630931101,0.012603368149091266,0.013027708113922853,0.9908256880733946
266 days,20.371221197732513,4.513448924905711,3.758149056409344,0.013088760987077135,0.012918858684297266,0.013034157707882377,0.9908256880733946
267 days,20.597974350470853,4.538499129720182,3.7793292433539762,0.013160122064271976,0.013013502452460433,0.013108101634231878,0.9908256880733946
268 days,20.784334413142627,4.558983923325748,3.8102792217146777,0.013263984920164354,0.012918858684297266,0.013214416591786468,0.9908256880733946
269 days,21.03917701963669,4.586848266471946,3.85364159511753,0.013409223396124291,0.013275604038268544,0.013362131808813332,0.9908256880733946
270 days,20.985205708167662,4.580961220984921,3.8846060958466553,0.01350509438344047,0.013469246056842035,0.013462856744045197,0.9969418960244649
271 days,20.883694008273483,4.569868051516749,3.9109694137682145,0.013579858193166653,0.013469246056842035,0.013545177138501216,1.0
272 days,20.907455915554795,4.572467158499315,3.9336534135208763,0.013640922427976437,0.013469246056842035,0.013614765714346399,1.0
273 days,21.203859722585626,4.604764893301897,3.9857108767017926,0.01380871419130956,0.013497490427981885,0.013788634763207392,1.0
274 days,21.353607013995966,4.620996322655533,4.011375908626723,0.01388462542682223,0.013955153420381772,0.013871542165991655,1.0
275 days,21.31909250924475,4.617260281730363,4.033776109834131,0.013956241366385402,0.013955153420381772,0.013946115998091249,1.0
276 days,21.5394025623245,4.641056190386462,4.069323282239228,0.014078064902260545,0.014172239517978873,0.014069242005373172,1.0
277 days,21.933488468800935,4.683320239829958,4.106394788954523,0.014207821460413736,0.014263724377805447,0.014198909933781834,1.0
278 days,22.342586176673787,4.726794492748102,4.132064497067758,0.014300953723508111,0.014507148870380092,0.01429103030129052,1.0
279 days,23.49060436872127,4.846710675161173,4.197270501984977,0.01454203364781169,0.014507148870380092,0.014525676021751156,1.0
280 days,24.448784412659265,4.944571206147128,4.253076448744251,0.014751458436623888,0.014539064692881956,0.014728522307907305,1.0
281 days,25.27834533767018,5.027757485964313,4.308557181665786,0.014954740728577687,0.014539064692881956,0.014928160074595355,1.0
282 days,26.153310742957853,5.114030772586126,4.374483508342342,0.015190955572914085,0.01466176866271125,0.015162026313841498,1.0
283 days,27.465108660867347,5.2407164262977775,4.481498059714534,0.015560280769187203,0.014710190923766154,0.015533348032893806,1.0
284 days,28.462516951184824,5.335027361802826,4.586446812391602,0.01592225500683166,0.01504891285376613,0.015896999858123408,1.0
285 days,28.86340732214517,5.3724675263928,4.643880509729584,0.0161244501494633,0.015409719716377135,0.016098253994085123,1.0
286 days,29.049049667587855,5.3897170303818225,4.672964343978669,0.016227480231995817,0.015506651313527983,0.016199782988448493,1.0
287 days,28.8751162810139,5.373557134805017,4.642378396508597,0.016123489736713546,0.015409719716377135,0.016094686708576444,1.0
288 days,28.92302555754879,5.378013160782408,4.653246788832637,0.016164713559704575,0.015506651313527983,0.01613526597202558,1.0
289 days,29.097405744878607,5.394201122027117,4.671887611015268,0.01622715744658841,0.015536615970278087,0.016200382891130044,1.0
290 days,29.006272670876427,5.385747178514456,4.656887814009117,0.016172757765670395,0.015506651313527983,0.01614775347037161,1.0
291 days,28.89710408424379,5.375602671723775,4.647141851915042,0.01613574176574927,0.015506651313527983,0.016112611457367296,1.0
292 days,28.627249972595806,5.350443904256525,4.613813437955558,0.016015388690274936,0.015409719716377135,0.015996196801592862,1.0
293 days,28.54597915104004,5.342843732605329,4.601055140847547,0.015968752424182886,0.015409719716377135,0.015953140051232908,1.0
294 days,28.325589373626627,5.322179006161539,4.566074272769658,0.01584323453118872,0.015506651313527983,0.015832509586045675,1.0
295 days,28.10784075051309,5.301682822511461,4.526043379665143,0.01569538219052749,0.015409719716377135,0.01569214794747405,1.0
296 days,27.65482086119788,5.258785112666031,4.458657832016266,0.015456883242629702,0.015409719716377135,0.015458726027348392,1.0
297 days,27.184950494444614,5.213918919051639,4.3993268791970195,0.015247153557249059,0.015409719716377135,0.015252862968698124,1.0
298 days,26.97825513353793,5.194059600499203,4.371519884894066,0.015151241353754336,0.01504891285376613,0.015157433080032827,1.0
299 days,27.529856113053235,5.246890137314982,4.376063662633357,0.015177330246799053,0.015506651313527983,0.015177839910247138,1.0
300 days,28.529164302889594,5.341269914813292,4.426026125947053,0.015364732739551223,0.014831396608927539,0.015357640470970671,1.0
301 days,29.67430133831351,5.4474123525132105,4.508861318630531,0.015670465367393624,0.015013340878986932,0.015654975296783072,1.0
302 days,30.5221030756463,5.524681264620277,4.5818489262155015,0.015941632864687767,0.016479851088974064,0.015918688213074888,1.0
303 days,30.956979176613952,5.563899637539659,4.628781707231325,0.016121966599915338,0.0158475816596194,0.016091849813214723,1.0
304 days,31.153695140342727,5.581549528611452,4.650198647983992,0.01620924131928102,0.015980953674887194,0.016173828028807027,1.0
305 days,30.63414566212787,5.534812161413237,4.593583228188257,0.016017714010746587,0.015536615970278087,0.01598076979941025,1.0
306 days,29.821020705620708,5.460862633835492,4.486666794186136,0.015646880229300955,0.015013340878986932,0.0156101663314197,1.0
307 days,29.2383369828651,5.407248559375193,4.427586705182548,0.015446655925151438,0.014831396608927539,0.015407619184583325,1.0
308 days,28.658666839231987,5.353379011356471,4.366074539702929,0.015241668523949222,0.014792192479015146,0.015198304723757312,1.0
309 days,28.07508341246911,5.298592587892478,4.310857678150382,0.015060031578279363,0.014270480678910517,0.015012649229307331,1.0
310 days,27.47681013393079,5.24183270754903,4.270675509863125,0.014928687867891165,0.01352301618686602,0.014878478984145974,1.0
311 days,27.048911851913743,5.20085683824442,4.229073431092106,0.014787130781168051,0.013388192497869556,0.014736214683707794,1.0
312 days,27.059346003502306,5.201859860040667,4.236207444696875,0.014815690762193818,0.01285986482780454,0.014763113383627898,1.0
313 days,27.359666225883732,5.230646826720738,4.244056929379383,0.014847322747090825,0.012277789367737454,0.014790037697747487,1.0
314 days,27.148300147917222,5.210403069621123,4.213498389723595,0.014739881855541533,0.012277789367737454,0.014681113216214195,1.0
315 days,26.48987509129344,5.146831558472984,4.182441004066356,0.014626916773508835,0.012250426745038642,0.014570711947414086,1.0
316 days,25.148001142781244,5.014778274538291,4.084461153058427,0.014278887004080282,0.012201492925977038,0.014228469989255853,1.0
317 days,23.844247475068244,4.883057185316208,3.979252153702203,0.013908682127351652,0.012201492925977038,0.01386343947872986,1.0
318 days,22.775509299810505,4.772369359114035,3.8893592295806756,0.013593841358360496,0.01215785951615831,0.01355070114254228,1.0
319 days,21.622269732720703,4.649975240011575,3.806412553573858,0.01330632581308122,0.012076891258341108,0.01326337558446932,1.0
320 days,20.924738961872368,4.574356671912715,3.768777418056504,0.013178307971415023,0.01215785951615831,0.013133907120957652,1.0
321 days,20.848485696064717,4.566014202350308,3.7753905309905957,0.013202924657672298,0.012201492925977038,0.013157602025567183,1.0
322 days,21.115529762328592,4.5951637361827045,3.799094415216389,0.01328586232993733,0.012201492925977038,0.013241754105016792,1.0
323 days,21.458512044453098,4.63233332613847,3.8386111261190545,0.013423177723642802,0.012250426745038642,0.013382484788075608,1.0
324 days,21.661471187441794,4.654188563803769,3.861000168758043,0.013501333302432061,0.012250426745038642,0.013463197932099142,1.0
325 days,22.193686230695,4.711017536657553,3.8968968122390826,0.013629732916304801,0.012250426745038642,0.013585491737466404,1.0
326 days,22.61786831870597,4.755824672830777,3.921326554115563,0.013714763965335714,0.012277789367737454,0.013665638393262458,1.0
327 days,22.931894706172436,4.788725791499492,3.9418062419309754,0.01378508621576568,0.012277789367737454,0.013733016970793741,1.0
328 days,23.708036421581184,4.869089896641998,4.019193331531546,0.014059809757232247,0.012307633102938099,0.014001677717734083,1.0
329 days,24.365970952579396,4.936189922660938,4.055787983689166,0.014189744825445761,0.012316829975692722,0.014123802720362646,1.0
330 days,24.951266622127775,4.9951242849530555,4.093870056295123,0.01432730323368939,0.012307633102938099,0.014252692426850047,1.0
331 days,24.900482342641876,4.990038310738894,4.0812326327992645,0.014285906223843197,0.012316829975692722,0.014204142430810238,1.0
332 days,25.019889163964447,5.001988520974878,4.088077507647431,0.014311082085568921,0.012316829975692722,0.014222512481219344,1.0
333 days,25.641017961103937,5.063696077086769,4.132726511802182,0.01446864081410532,0.012307633102938099,0.014372585735792295,1.0
334 days,25.991255426804145,5.09816196553269,4.142784075465857,0.01450267626468505,0.012277789367737454,0.014402150738439609,1.0
335 days,26.138519953160227,5.11258446904892,4.146006813614789,0.01450999657045013,0.012307633102938099,0.014407222252613414,1.0
336 days,25.90503534262193,5.089698944203078,4.106520891133973,0.0143632983022956,0.012277789367737454,0.014260551259853309,1.0
337 days,25.487207086984267,5.048485623133364,4.03064895760116,0.014087405453397815,0.011989318446144087,0.013985336294332204,1.0
338 days,25.046940746571316,5.004691873289635,3.976308780683,0.013888004223738067,0.011942850534016164,0.013788986868804018,1.0
339 days,25.520155046508744,5.051747721977884,3.9939866101815023,0.013943385871060875,0.011841184522697109,0.013845686541710384,1.0
340 days,26.07704167713633,5.106568483545122,4.005034317645861,0.013978086945934226,0.01159928556577084,0.013877739827922942,1.0
341 days,27.079201061649904,5.203767967698973,4.029362724056651,0.014059804779702331,0.011455949207857226,0.013953004322311106,1.0
342 days,28.22411877951172,5.312637648053151,4.09197276958417,0.014275430154273861,0.011455949207857226,0.014161815003252335,1.0
343 days,29.05023399242474,5.38982689818743,4.15310831984258,0.014486120520063882,0.011841184522697109,0.014369372583902595,1.0
344 days,29.834666471558222,5.462111905806967,4.217848269329217,0.014708758869790516,0.011841184522697109,0.014591004083213406,1.0
345 days,30.3262980516758,5.506931818324592,4.2482648601320525,0.014810178852845668,0.011841184522697109,0.014689701856937729,1.0
346 days,30.42679062431484,5.516048461019432,4.239793787751325,0.014775421108369895,0.011942850534016164,0.014653463010676236,1.0
347 days,30.38185287814459,5.511973591930987,4.219642771992227,0.014701131654447041,0.01131681098798388,0.01457851757386506,1.0
348 days,30.48148960673492,5.521004401984744,4.2327334209325995,0.014745647652585122,0.011942850534016164,0.014624313701331269,1.0
349 days,29.91245649635918,5.469228144478815,4.189851158218093,0.014590951377932617,0.011942850534016164,0.014472921640214326,1.0
350 days,29.519390732201295,5.433175013949145,4.180293081931899,0.014554562684016422,0.012307633102938099,0.014440766627468607,1.0
351 days,29.07192377435845,5.3918386265130795,4.143183871454649,0.014426874038255872,0.011121256502239139,0.014315192610035625,1.0
352 days,28.9000872514983,5.375880137381999,4.13156569336639,0.014389865209865528,0.011942850534016164,0.014278803176484473,1.0
353 days,28.625146649975633,5.350247344747309,4.087751651103257,0.0142356832475737,0.010623585708023681,0.01412404335465263,1.0
354 days,28.155483097928464,5.306174054620566,4.005214678975567,0.013945576536655907,0.009693989284106789,0.013834267176620282,1.0
355 days,27.78916683771363,5.271543117315235,3.9426604475805753,0.013728783784223073,0.009385001203721008,0.013618901299559673,1.0
356 days,27.651864623274086,5.258504029025183,3.9075558655405525,0.013608574939979896,0.009228198258035338,0.013501924104656572,1.0
357 days,27.731714053174432,5.266090965144301,3.8853409457298658,0.013530895900583938,0.008264119688677442,0.013429222732804755,1.0
358 days,27.97343035135698,5.2889914304484344,3.8834564492106383,0.013522022927640997,0.008256634292722964,0.01342560811460899,1.0
359 days,28.17268954436093,5.30779516789796,3.8886721459475995,0.013537527427737605,0.008264119688677442,0.013442723152073309,1.0
360 days,28.29084955650224,5.318914321222165,3.8913895047271945,0.013543761451740027,0.008256634292722964,0.013446921887154377,1.0
361 days,28.327905759583327,5.322396618026819,3.9062755341095663,0.013592030929901999,0.008256634292722964,0.01349584633796102,1.0
362 days,28.725103065724902,5.359580493445817,3.955019992482609,0.013758446505681676,0.008554540626262019,0.013666113636139891,1.0
363 days,29.68184010458988,5.448104267044628,4.037572598261975,0.01404319256580071,0.008554540626262019,0.013953058508789511,1.0
364 days,30.073233370078857,5.483906761614284,4.064083931269801,0.01412886253745537,0.008554540626262019,0.01404298905171526,1.0
365 days,30.276256596820307,5.502386445608878,4.094029649201394,0.014228402803123836,0.009281907888462046,0.014146703243423622,1.0
